feature,scope,ticker,horizon,q1_n,q1_mean,q1_hac_t,q5_n,q5_mean,q5_hac_t,q5_minus_q1_mean
net_trade_sentiment,pooled,ALL,1,72,-0.0017546462435206283,-0.9979472307512549,72,-0.0007976823887843336,-0.4009824485635929,0.0009569638547362947
net_trade_sentiment,pooled,ALL,3,71,-0.0012786543873772559,-0.30273442978823917,71,-0.002204063249557916,-0.5459407869703324,-0.0009254088621806602
net_trade_sentiment,pooled,ALL,5,67,-0.001014531555927257,-0.22026784098055083,69,-0.0011390571352447958,-0.15221811335351298,-0.00012452557931753871
net_trade_sentiment,pooled,ALL,10,57,-0.007577271072509625,-0.8878230471398735,64,-0.0036209053804412885,-0.3266820204622084,0.0039563656920683365
net_trade_sentiment,pooled,ALL,20,48,-0.010528728208667302,-0.9593125301624066,46,0.008774637269087716,0.5767743245908654,0.01930336547775502
net_trade_sentiment,per_etf,SPY,1,12,-0.00067600244963024,-0.37209599724437953,12,0.002467725513010157,1.376031212127717,0.003143727962640397
net_trade_sentiment,per_etf,SPY,3,11,-0.002162418316897351,-1.0972592787465743,12,0.006402973332464368,2.050890342829828,0.00856539164936172
net_trade_sentiment,per_etf,SPY,5,10,-0.005220420874830267,-3.240698237277227,11,0.003034366323689525,0.9563827829682032,0.008254787198519792
net_trade_sentiment,per_etf,SPY,10,10,0.0004536524739430892,0.13617542274993633,11,0.007174904300312484,1.4888206695918522,0.006721251826369395
net_trade_sentiment,per_etf,SPY,20,7,0.003999159213722879,0.857521298630936,10,0.003928628627526187,1.7628723989056523,-7.053058619669195e-05
net_trade_sentiment,per_etf,QQQ,1,12,-0.0026942231753487034,-1.0651457794983494,12,0.0036370740824615833,0.8125805667313994,0.006331297257810287
net_trade_sentiment,per_etf,QQQ,3,12,0.003133835922496377,0.8614993407759823,11,0.0022745620363832197,0.40792519224292256,-0.0008592738861131575
net_trade_sentiment,per_etf,QQQ,5,12,0.006519662070909611,0.7976815760681945,10,-0.0032672728279027896,-0.4524499820488482,-0.0097869348988124
net_trade_sentiment,per_etf,QQQ,10,9,-0.001570325008748023,-0.1766222400827114,10,0.005592536890114774,1.102123107529096,0.007162861898862797
net_trade_sentiment,per_etf,QQQ,20,4,0.006759943459050538,1.865238429284063,9,0.00357443930125149,0.41659674174941586,-0.003185504157799048
net_trade_sentiment,per_etf,IWM,1,12,-0.0013304810516720407,-0.545661301928144,12,-0.0023929828129022244,-1.1703224600743063,-0.0010625017612301837
net_trade_sentiment,per_etf,IWM,3,12,-0.007823448720452106,-2.650804830162974,11,-0.0029266162890429844,-2.272599397117072,0.004896832431409122
net_trade_sentiment,per_etf,IWM,5,12,-0.00766277268255323,-1.898405940623217,10,-0.0046549995365220646,-0.9425575035383098,0.0030077731460311655
net_trade_sentiment,per_etf,IWM,10,11,-0.013348877843319123,-3.5872816935277583,9,-0.010583413503959686,-1.8612681176468546,0.002765464339359437
net_trade_sentiment,per_etf,IWM,20,9,-0.015613435179980643,-2.490585651482152,6,-0.012480661707687302,-3.430861579516142,0.0031327734722933417
net_trade_sentiment,per_etf,SMH,1,12,-0.004858540691881565,-0.6798706039997905,12,-0.0014188441567620318,-0.15503100137369485,0.003439696535119533
net_trade_sentiment,per_etf,SMH,3,12,0.004476090900522071,0.2580946711505637,12,-0.014689477586338132,-1.2094527038401521,-0.019165568486860202
net_trade_sentiment,per_etf,SMH,5,11,0.017368180439154193,1.3130659499183612,12,-0.015621636126006847,-1.3381899347799615,-0.03298981656516104
net_trade_sentiment,per_etf,SMH,10,9,-0.017626855655183255,-1.7226702522124688,12,-0.014989337869061944,-0.771057261800761,0.002637517786121311
net_trade_sentiment,per_etf,SMH,20,9,-0.020314873771903774,-3.634508218377612,9,-0.006560190710291865,-1.029844243961412,0.01375468306161191
net_trade_sentiment,per_etf,TLT,1,12,-0.0006726407543945212,-0.28739551357874116,12,-0.0038099640958321004,-2.1927660759710443,-0.003137323341437579
net_trade_sentiment,per_etf,TLT,3,11,-0.0022985594565368872,-0.699886478206865,12,-6.613884018870826e-05,-0.038958059294346814,0.002232420616348179
net_trade_sentiment,per_etf,TLT,5,10,-0.0023319427207978195,-0.4290912891405116,11,-0.0016560292536917224,-0.7497824584038361,0.0006759134671060971
net_trade_sentiment,per_etf,TLT,10,10,-0.008614919007601297,-2.0709530476742533,9,-0.0070884006552412015,-6.3997862219403165,0.0015265183523600952
net_trade_sentiment,per_etf,TLT,20,9,-0.009681130089203694,-3.5729605352200235,7,-0.005210551703978407,-4.268516867839765,0.004470578385225288
net_trade_sentiment,per_etf,GLD,1,12,0.005210645501097057,1.7902451597543922,12,-0.0029862240342266866,-0.8314992774273957,-0.008196869535323743
net_trade_sentiment,per_etf,GLD,3,12,0.006072483181014239,2.6049621277872435,12,0.0007858048689913985,0.08019947611774157,-0.005286678312022841
net_trade_sentiment,per_etf,GLD,5,11,0.008151890961111706,3.204995396646477,12,0.0060413259491331655,0.4037542534807012,-0.0021105650119785406
net_trade_sentiment,per_etf,GLD,10,8,0.018411287169450355,1.8188464803252078,11,0.011005690234737874,0.9118567880645296,-0.007405596934712481
net_trade_sentiment,per_etf,GLD,20,7,0.025698475183822716,6.65875314645119,7,0.03890425546343247,3.2017438113948518,0.013205780279609756
delta_imbalance_ratio,pooled,ALL,1,72,-0.002088447151877988,-1.1150325883519376,72,0.0011593574929174367,0.5371500573921915,0.0032478046447954245
delta_imbalance_ratio,pooled,ALL,3,71,-0.0037214305881514763,-0.863095706839386,71,0.0007903128741825084,0.18848059555033628,0.004511743462333985
delta_imbalance_ratio,pooled,ALL,5,67,-0.0029061966400845147,-0.5459092221487146,68,0.0006892125563781652,0.09940849072203375,0.00359540919646268
delta_imbalance_ratio,pooled,ALL,10,60,-0.005802878011200313,-0.76248647314543,60,-0.0034750062260493503,-0.3034158719719189,0.002327871785150963
delta_imbalance_ratio,pooled,ALL,20,50,-0.0070928350281799155,-0.7939050959113708,48,0.00386845221360056,0.2297556837927446,0.010961287241780476
delta_imbalance_ratio,per_etf,SPY,1,12,-0.0004106647811460973,-0.22281484713537214,12,0.0033942453367903267,1.9236041366386216,0.003804910117936424
delta_imbalance_ratio,per_etf,SPY,3,11,-0.002081797015219196,-0.7624721249446654,12,0.006362638938333572,2.313395062460738,0.008444435953552768
delta_imbalance_ratio,per_etf,SPY,5,10,-0.004659133036736607,-2.5701343574673308,12,0.005319227650967605,1.949897475610112,0.009978360687704212
delta_imbalance_ratio,per_etf,SPY,10,8,0.0004871972946270814,0.2001111081677862,12,0.005157183731005238,1.3632076671557083,0.004669986436378157
delta_imbalance_ratio,per_etf,SPY,20,5,0.01683143366293476,3.5125895922915236,11,0.007742786744177408,3.6247313854870913,-0.00908864691875735
delta_imbalance_ratio,per_etf,QQQ,1,12,-0.0010040522676986556,-0.534322588990447,12,0.0014063635407612167,0.28300683660301934,0.0024104158084598724
delta_imbalance_ratio,per_etf,QQQ,3,12,0.0012204784943395202,0.3295620064213488,12,0.004899078165066906,0.6013318479809132,0.0036785996707273854
delta_imbalance_ratio,per_etf,QQQ,5,12,-0.0039981960437139126,-1.9882804057130847,11,-0.0007827205062321516,-0.060879589526744216,0.003215475537481761
delta_imbalance_ratio,per_etf,QQQ,10,12,-0.00535428250751684,-0.7980041617333616,11,0.007505217348053913,0.7008681318547048,0.012859499855570753
delta_imbalance_ratio,per_etf,QQQ,20,7,-0.00389680248324301,-1.18728809499025,11,0.0033145562814234186,0.2646751410438161,0.0072113587646664284
delta_imbalance_ratio,per_etf,IWM,1,12,0.0001458917780213694,0.05918621141034401,12,-0.0005895789249665181,-0.29225470924312474,-0.0007354707029878875
delta_imbalance_ratio,per_etf,IWM,3,12,-0.00020188625079780217,-0.08334762112987336,11,-0.0038060941817007576,-2.4411805692437674,-0.0036042079309029553
delta_imbalance_ratio,per_etf,IWM,5,12,-0.004116516345992398,-0.9897975297548314,10,-0.006636403161768778,-1.7236608279827283,-0.0025198868157763803
delta_imbalance_ratio,per_etf,IWM,10,10,-0.005476331901396592,-0.9589656169587246,9,-0.013690989437938018,-1.9543006909137224,-0.008214657536541426
delta_imbalance_ratio,per_etf,IWM,20,8,-0.00885960793996815,-1.2075791234846405,5,-0.013726740763119461,-2.729958203337315,-0.004867132823151311
delta_imbalance_ratio,per_etf,SMH,1,12,-0.00662997664091151,-1.206725358252147,12,0.007322393856068772,0.753228651010712,0.013952370496980282
delta_imbalance_ratio,per_etf,SMH,3,12,-0.007997390069053126,-0.652650127774561,12,-0.005550316415429181,-0.4267796859014434,0.002447073653623945
delta_imbalance_ratio,per_etf,SMH,5,12,0.011935774756554468,0.769643600804913,11,-0.01078692876663316,-0.8883805282863974,-0.02272270352318763
delta_imbalance_ratio,per_etf,SMH,10,10,-0.01687865972560041,-2.540162887725969,11,-0.012358090093073891,-0.578247407369013,0.004520569632526519
delta_imbalance_ratio,per_etf,SMH,20,8,-0.023283479478456562,-6.177004337298622,9,-0.009190638093381411,-1.083186371326457,0.01409284138507515
delta_imbalance_ratio,per_etf,TLT,1,12,0.0006289307886511719,0.3123113515090541,12,-0.0035388461799454964,-2.1709067179244235,-0.004167776968596668
delta_imbalance_ratio,per_etf,TLT,3,12,-0.0034423160911648174,-1.5117138757397608,12,-8.19094928595776e-05,-0.04164578875232397,0.00336040659830524
delta_imbalance_ratio,per_etf,TLT,5,11,-0.0011566608218662835,-0.2564736259613517,11,-0.0013486974184071015,-0.5970365556740924,-0.00019203659654081807
delta_imbalance_ratio,per_etf,TLT,10,11,-0.0014386301665608623,-0.3202893501264781,9,-0.0050283396051478135,-4.036023185311865,-0.0035897094385869514
delta_imbalance_ratio,per_etf,TLT,20,11,-0.010067927341673288,-3.660166823957104,7,-0.010129997495038115,-8.168302009164652,-6.207015336482692e-05
delta_imbalance_ratio,per_etf,GLD,1,12,0.0024061624915412416,0.5902311732573299,12,0.005231705938383652,1.278791240536512,0.00282554344684241
delta_imbalance_ratio,per_etf,GLD,3,12,-0.0012338970254102781,-0.31774594168934356,12,0.009996905632558941,1.1528125131616995,0.011230802657969219
delta_imbalance_ratio,per_etf,GLD,5,10,-0.0031332466983492457,-0.6416430499173391,12,0.016060686561886594,1.7711463561862228,0.01919393326023584
delta_imbalance_ratio,per_etf,GLD,10,8,0.014596635811199049,1.6053750552577035,11,0.015330189954363133,2.0814157981929324,0.0007335541431640839
delta_imbalance_ratio,per_etf,GLD,20,7,0.041713076604323426,8.485096550289574,9,0.05064908090914425,5.964266130397553,0.008936004304820826
net_dollar_delta,pooled,ALL,1,72,0.0006022286401030579,0.45909920677927124,72,0.0022241780523784265,1.2058225174360784,0.0016219494122753685
net_dollar_delta,pooled,ALL,3,71,-0.00022689572534655047,-0.0741650678319939,70,0.0021776528766185347,0.6483694510145335,0.0024045486019650853
net_dollar_delta,pooled,ALL,5,68,0.0009944653014528316,0.2651133045016644,66,0.0011821189901006694,0.1815565329558315,0.00018765368864783784
net_dollar_delta,pooled,ALL,10,59,-0.0028681996902015197,-0.4608079584910608,64,0.0030764737667457586,0.2900871812047417,0.005944673456947278
net_dollar_delta,pooled,ALL,20,43,0.001075562126965721,0.11435200158483569,51,0.008878740326909369,0.831378460795187,0.007803178199943648
zero_dte_share,pooled,ALL,1,72,-0.0004844902016817125,-0.20308336719639797,72,0.0019589454293423895,1.630172804326266,0.0024434356310241018
zero_dte_share,pooled,ALL,3,72,-0.0025045568676854008,-0.5898347756870148,72,0.001763733434380404,0.5450074020724083,0.004268290302065805
zero_dte_share,pooled,ALL,5,71,-0.0048042201226674965,-0.8200751507538793,71,0.0025809842079883446,0.5324385820722282,0.007385204330655841
zero_dte_share,pooled,ALL,10,68,-0.003735298387104074,-0.39972841306072954,66,0.003831321277370371,0.43701309948560535,0.007566619664474444
zero_dte_share,pooled,ALL,20,60,-0.006798469951677284,-0.4677431139366488,54,0.012685648995482204,1.5638134407546576,0.019484118947159488
put_skew_25d,pooled,ALL,1,70,0.0007141599882966603,0.44126747433166147,70,0.00010046826232960525,0.03768684082953549,-0.0006136917259670551
put_skew_25d,pooled,ALL,3,68,0.0004800746396233366,0.12326261062821987,70,-0.003786143757101986,-0.7039778567508943,-0.004266218396725323
put_skew_25d,pooled,ALL,5,66,-0.00033648370349884864,-0.04808851018267664,70,-0.003509508704401969,-0.4414631221035945,-0.003173025000903121
put_skew_25d,pooled,ALL,10,59,0.004699594413238543,0.33402156109318976,58,-0.01135896972805526,-0.7068424636086273,-0.016058564141293804
put_skew_25d,pooled,ALL,20,42,0.014378853181554383,0.6866556132705767,51,-0.013244698359843186,-0.6007355375038734,-0.02762355154139757
atm_iv,pooled,ALL,1,72,-0.0007351543610181045,-1.0087990562562155,72,0.000984749167565911,0.32572272966799887,0.0017199035285840156
atm_iv,pooled,ALL,3,70,-0.0030787922074023556,-2.0894451747604403,71,-0.0010454335509712585,-0.14461200972206512,0.002033358656431097
atm_iv,pooled,ALL,5,66,-0.005235176228589152,-3.2372522569074667,69,-0.0012744948981759784,-0.12350138087437278,0.003960681330413174
atm_iv,pooled,ALL,10,63,-0.008255625576861205,-3.259853321641913,63,-0.00503585834855814,-0.3122473652385082,0.003219767228303066
atm_iv,pooled,ALL,20,46,-0.013303753209770213,-2.9647916002147485,53,-0.013724600396872844,-0.7359684821693102,-0.0004208471871026305
iv_percentile_20d,pooled,ALL,1,81,-0.00018263109027262097,-0.12862197489515376,59,0.005591376720515492,2.8075840694438337,0.005774007810788113
iv_percentile_20d,pooled,ALL,3,80,0.0009958065538346287,0.2758025595611296,59,0.008685442409265226,2.5511862784407797,0.007689635855430597
iv_percentile_20d,pooled,ALL,5,78,0.00105580896189408,0.19241801870986078,59,0.0067777081628084416,1.1040241563108706,0.0057218992009143614
iv_percentile_20d,pooled,ALL,10,78,-0.005464860198721932,-0.7058525402023872,45,0.006195801579896831,0.49868174591859116,0.011660661778618762
iv_percentile_20d,pooled,ALL,20,62,0.0017889927266511192,0.14015416374536604,39,0.0012398859253928197,0.10207025863633265,-0.0005491068012582995
iv_percentile_60d,pooled,ALL,1,76,-0.000508519511652587,-0.3140264018605272,71,0.0013697467046045464,0.5657229866136924,0.0018782662162571333
iv_percentile_60d,pooled,ALL,3,75,-0.0016494580721584547,-0.5026185410197551,71,-0.003759412727126232,-0.7658267194253723,-0.002109954654967777
iv_percentile_60d,pooled,ALL,5,72,-0.003290053896094877,-0.7689943643200724,71,-0.006206326957328929,-0.8336161247868934,-0.0029162730612340517
iv_percentile_60d,pooled,ALL,10,71,-0.009483598961413424,-2.250513927299417,66,-0.00661142386639254,-0.5856217334514071,0.0028721750950208838
iv_percentile_60d,pooled,ALL,20,52,-0.0063939290135126454,-0.7879477197630581,58,-0.012437456193760646,-0.6866318148390484,-0.0060435271802480005
iv_percentile_126d,pooled,ALL,1,77,-0.0002591275093562603,-0.16130793060002355,72,-0.00020853794027681568,-0.07878841591583685,5.058956907944462e-05
iv_percentile_126d,pooled,ALL,3,76,-0.000720705030942085,-0.20934656110584812,72,-0.0029111023820839236,-0.5120361348325169,-0.0021903973511418384
iv_percentile_126d,pooled,ALL,5,71,-0.0028400385353490047,-0.6933411936364849,71,-0.005152073094979828,-0.5995369725484517,-0.002312034559630823
iv_percentile_126d,pooled,ALL,10,70,-0.005370236239183542,-1.0912282481955824,66,-0.006844732197088133,-0.442385622457658,-0.0014744959579045909
iv_percentile_126d,pooled,ALL,20,46,-0.005362823247861171,-0.49515536179047154,60,-0.012449703762907612,-0.6124355383192492,-0.007086880515046441
iv_percentile_252d,pooled,ALL,1,77,0.00011287170266593693,0.1035056794264559,71,0.00033495794769166417,0.12067704595048424,0.00022208624502572722
iv_percentile_252d,pooled,ALL,3,75,-0.0019731607530158748,-0.8836808455021004,71,-0.0030947878165271544,-0.4919374224654936,-0.0011216270635112796
iv_percentile_252d,pooled,ALL,5,68,-0.006341801962254751,-2.8028945064644093,71,-0.00417927467760696,-0.44746813879383046,0.0021625272846477906
iv_percentile_252d,pooled,ALL,10,66,-0.010842062311218514,-2.8835922535376146,66,-0.007713043190422254,-0.4719025634160497,0.0031290191207962604
iv_percentile_252d,pooled,ALL,20,45,-0.01944071541458446,-2.62304572780041,66,-0.011319146988751999,-0.61567893592691,0.008121568425832462
